{"cameraMode":{"drawMode":0,"name":"Shaded","section":"Shading Mode"},"sceneLighting":true,"audioPlay":false,"sceneViewState":{"showFog":true,"showMaterialUpdate":false,"showSkybox":true,"showFlares":true,"showImageEffects":true,"showParticleSystems":true},"in2DMode":false,"pivot":{"x":-7.720893859863281,"y":3.4456310272216799,"z":-22.37297821044922},"rotation":{"x":-0.28457877039909365,"y":-0.5446488857269287,"z":0.20333346724510194,"w":-0.7622582316398621},"size":7.265284538269043,"orthographic":false}