{"cameraMode":{"drawMode":0,"name":"Shaded","section":"Shading Mode"},"sceneLighting":true,"audioPlay":false,"sceneViewState":{"showFog":true,"showMaterialUpdate":false,"showSkybox":true,"showFlares":true,"showImageEffects":true,"showParticleSystems":true},"in2DMode":false,"pivot":{"x":-22.504913330078126,"y":2.7289085388183595,"z":-15.828643798828125},"rotation":{"x":0.023090949282050134,"y":0.9555597901344299,"z":-0.2833930552005768,"w":0.07785913348197937},"size":20.654460906982423,"orthographic":false}