{"cameraMode":{"drawMode":0,"name":"Shaded","section":"Shading Mode"},"sceneLighting":true,"audioPlay":false,"sceneViewState":{"showFog":true,"showMaterialUpdate":false,"showSkybox":true,"showFlares":true,"showImageEffects":true,"showParticleSystems":true,"showVisualEffectGraphs":true,"m_FxEnabled":true},"in2DMode":false,"pivot":{"x":-0.07423877716064453,"y":-12.526921272277832,"z":10.343332290649414},"rotation":{"x":-0.09406851977109909,"y":0.886806845664978,"z":-0.20746183395385743,"w":-0.4021010994911194},"size":16.958812713623048,"orthographic":false}